Datetime,Water Level (m)
2025-08-11 18:00:00,-0.0011925643
2025-08-11 19:00:00,-0.11161049
2025-08-11 20:00:00,0.23730226
2025-08-11 21:00:00,0.6886897
2025-08-11 22:00:00,1.14206
2025-08-11 23:00:00,1.5237406
2025-08-12 00:00:00,1.6462138
2025-08-12 01:00:00,1.5021042
2025-08-12 02:00:00,1.1974503
2025-08-12 03:00:00,0.9113716
2025-08-12 04:00:00,0.65347695
2025-08-12 05:00:00,0.4313319
2025-08-12 06:00:00,0.23885918
2025-08-12 07:00:00,0.08057824
2025-08-12 08:00:00,0.2274203
2025-08-12 09:00:00,0.89960307
2025-08-12 10:00:00,1.4140623
2025-08-12 11:00:00,1.869663
2025-08-12 12:00:00,2.0644956
2025-08-12 13:00:00,1.908771
2025-08-12 14:00:00,1.5693069
2025-08-12 15:00:00,1.2589053
2025-08-12 16:00:00,0.985911
2025-08-12 17:00:00,0.7411989
2025-08-12 18:00:00,0.52341276
2025-08-12 19:00:00,0.33845305
2025-08-12 20:00:00,0.21840747
2025-08-12 21:00:00,0.6001477
2025-08-12 22:00:00,1.2042753
2025-08-12 23:00:00,1.667234
2025-08-13 00:00:00,1.9991127
2025-08-13 01:00:00,2.0480752
2025-08-13 02:00:00,1.7812405
2025-08-13 03:00:00,1.4631631
2025-08-13 04:00:00,1.172255
2025-08-13 05:00:00,0.91992795
2025-08-13 06:00:00,0.69683635
2025-08-13 07:00:00,0.51097935
2025-08-13 08:00:00,0.3887765
2025-08-13 09:00:00,0.73542064
2025-08-13 10:00:00,1.3647248
2025-08-13 11:00:00,1.8522142
2025-08-13 12:00:00,2.2197506
2025-08-13 13:00:00,2.3080838
2025-08-13 14:00:00,2.0383856
2025-08-13 15:00:00,1.7010046
2025-08-13 16:00:00,1.3913617
2025-08-13 17:00:00,1.1212614
2025-08-13 18:00:00,0.87978107
2025-08-13 19:00:00,0.67042714
2025-08-13 20:00:00,0.49490145
2025-08-13 21:00:00,0.47235447
2025-08-13 22:00:00,1.0566956
2025-08-13 23:00:00,1.5917858
2025-08-14 00:00:00,2.0018902
2025-08-14 01:00:00,2.251147
2025-08-14 02:00:00,2.1630988
2025-08-14 03:00:00,1.8576539
2025-08-14 04:00:00,1.5411068
2025-08-14 05:00:00,1.2551905
2025-08-14 06:00:00,1.006504
2025-08-14 07:00:00,0.78665304
2025-08-14 08:00:00,0.6053976
2025-08-14 09:00:00,0.51525766
2025-08-14 10:00:00,0.9189388
2025-08-14 11:00:00,1.4845337
2025-08-14 12:00:00,1.8946587
2025-08-14 13:00:00,2.1589584
2025-08-14 14:00:00,2.1365802
2025-08-14 15:00:00,1.8590765
2025-08-14 16:00:00,1.5408239
2025-08-14 17:00:00,1.247139
2025-08-14 18:00:00,0.99604213
2025-08-14 19:00:00,0.7753872
2025-08-14 20:00:00,0.58476746
2025-08-14 21:00:00,0.43207905
2025-08-14 22:00:00,0.530859
2025-08-14 23:00:00,1.1021777
2025-08-15 00:00:00,1.588805
2025-08-15 01:00:00,1.9411573
2025-08-15 02:00:00,2.1349251
2025-08-15 03:00:00,2.0147138
2025-08-15 04:00:00,1.7236226
2025-08-15 05:00:00,1.4179323
2025-08-15 06:00:00,1.1475887
2025-08-15 07:00:00,0.91374576
2025-08-15 08:00:00,0.7096229
2025-08-15 09:00:00,0.54815376
2025-08-15 10:00:00,0.52032655
2025-08-15 11:00:00,0.9298565
2025-08-15 12:00:00,1.4065725
2025-08-15 13:00:00,1.753263
2025-08-15 14:00:00,1.9494579
2025-08-15 15:00:00,1.9007945
2025-08-15 16:00:00,1.6442592
2025-08-15 17:00:00,1.3455329
2025-08-15 18:00:00,1.0753864
2025-08-15 19:00:00,0.844092
2025-08-15 20:00:00,0.64162743
2025-08-15 21:00:00,0.46999013
2025-08-15 22:00:00,0.34929782
2025-08-15 23:00:00,0.5243015
2025-08-16 00:00:00,1.0443608
2025-08-16 01:00:00,1.4856095
2025-08-16 02:00:00,1.7939398
2025-08-16 03:00:00,1.9656935
2025-08-16 04:00:00,1.8566532
2025-08-16 05:00:00,1.5836757
2025-08-16 06:00:00,1.2964855
2025-08-16 07:00:00,1.041871
2025-08-16 08:00:00,0.82354915
2025-08-16 09:00:00,0.63599044
2025-08-16 10:00:00,0.49129522
2025-08-16 11:00:00,0.45782593
2025-08-16 12:00:00,0.75390905
2025-08-16 13:00:00,1.183075
2025-08-16 14:00:00,1.4906007
2025-08-16 15:00:00,1.6533481
2025-08-16 16:00:00,1.6444834
2025-08-16 17:00:00,1.4322284
2025-08-16 18:00:00,1.1704541
2025-08-16 19:00:00,0.9278239
2025-08-16 20:00:00,0.72147304
2025-08-16 21:00:00,0.5411959
2025-08-16 22:00:00,0.39356685
2025-08-16 23:00:00,0.31213757
2025-08-17 00:00:00,0.5128018
2025-08-17 01:00:00,0.9680468
2025-08-17 02:00:00,1.3908154
2025-08-17 03:00:00,1.703384
2025-08-17 04:00:00,1.9085959
2025-08-17 05:00:00,1.8631096
2025-08-17 06:00:00,1.6196785
2025-08-17 07:00:00,1.344638
2025-08-17 08:00:00,1.0938402
2025-08-17 09:00:00,0.87927103
2025-08-17 10:00:00,0.69335836
2025-08-17 11:00:00,0.54679394
2025-08-17 12:00:00,0.4610327
2025-08-17 13:00:00,0.5630773
2025-08-17 14:00:00,0.89886016
2025-08-17 15:00:00,1.2340605
2025-08-17 16:00:00,1.4151747
2025-08-17 17:00:00,1.4944259
2025-08-17 18:00:00,1.3915459
